Neighborhood,Property Type,Year Built,Square Footage,Bedrooms,Bathrooms,Purchase Price,Down Payment,Loan Amount,Loan Term (Years),Interest Rate (%),Property Taxes,Insurance Costs,HOA Fees,Maintenance Costs,Renovation Costs,Current Market Rent,Vacancy Rate,Rental Growth Rate (%),Appreciation Rate (%),Property Age,Net Operating Income (NOI),Rental Yield,Debt to Income Ratio,Annual Cash Flow,Cap Rate (%),Total ROI (%)
1,2,-1.6338246748965224,0.03814918863792163,-0.8790203448509712,-0.439270784295261,-1.3295941290946796,-1.3580021844518366,-1.2374645684759382,15,4.77,-1.4332000919471528,-1.4121436736702062,-0.2508297415555682,-1.2705421291075298,0.2154615032213987,-0.06485780932338912,0.16,0.03,0.02,122,1.2058927570458329,3.5089623671881025,-0.005901509691721166,2.6390944986209472,4.0919303429448375,11.005874984107447
6,2,1.0176592913317928,-0.7086426219789381,1.4696372770238268,1.3476903429330407,-0.8119715479025784,-1.042271716659738,-0.6925845901012178,30,3.31,-0.8370671958036904,-0.4940004128176771,0.17046305548244095,-1.3680358056321833,-1.5760174846086792,-0.5372368437658205,0.07,0.05,0.01,28,0.5185020338193683,0.2477580995048035,-0.004185984252956199,0.5896894319653404,1.0845902570136086,1.5808166505431416
6,1,0.509928319075307,0.5978483363412552,0.8824728715551274,-0.439270784295261,0.1275856004235538,-0.7317620102707844,0.3742853930477109,15,5.32,0.7705062156087672,1.2238408772133686,2.1483059333647465,-1.3346407242622988,-0.15762740126130795,0.1525417669168266,0.07,0.02,0.03,46,0.5641032216047487,-0.15647068432048736,-0.0021134149049480753,-3.970585435976868,0.28582986516596187,-5.5843538213067685
1,1,0.5945501477847213,-1.2793936569429865,0.8824728715551274,-0.439270784295261,-0.311945543167775,-0.6375972059130827,-0.19577467209101693,30,4.14,0.24312717962675684,0.4786223057698903,0.976635022357151,-1.2466819999310321,1.1897725974774314,0.045562242280827225,0.08,0.01,0.02,43,0.6706539952729055,0.26094830970782046,-0.0035335782920804157,-0.8018132956943629,0.6858167477964504,-0.9581747671720845
6,2,-0.9568500452212078,0.293921436671603,-0.8790203448509712,1.3476903429330407,-0.6691471439941721,-0.06917627293062356,-0.8048654438712245,30,3.43,-0.9245211963232655,0.8419969851703858,0.9086528243804874,-1.228656368881503,-0.24404208014640405,-0.30875885250785,0.1,0.05,0.01,98,0.6013789114432486,0.35384048580219146,-0.004570681006433175,0.9190815539097317,0.9927735759240898,0.7496190604699158
4,2,0.9894520150953214,-1.4364883401488586,-1.4661847503196708,-0.439270784295261,-0.07131600681251635,0.4292452656939906,-0.21520509221528994,30,4.79,-0.20794294595597182,0.325944530049836,0.6401307127733322,-1.3718214770248767,0.18771647015383305,0.3519532372364117,0.15,0.01,0.04,29,1.1903450540102956,0.2947704593037661,-0.004453371728069974,-0.1266435227560652,0.9691192121388215,-0.1995045686393789
2,0,1.0458665675682643,0.45891032506369994,-1.4661847503196708,0.45420977931888984,-0.5682251830350916,-0.5325313328761944,-0.5430313744217651,30,5.92,-0.2783841732454695,0.02066763794806939,-0.7286734315652562,-1.2638164599583206,1.1856810077794935,-0.448433610829926,0.08,0.02,0.01,27,0.35529447815913784,-0.04273469362657622,-0.003444763248402883,-2.2870019708263576,0.5718046516903774,-2.690711241586118
2,1,1.5818048160612217,-1.737257557744021,0.8824728715551274,0.45420977931888984,-0.42937472308110114,-0.8936965818932966,-0.26470538747853223,30,5.64,-0.05879662598715106,-0.6721166185572394,-0.9122556477049097,-1.1908155429306533,1.549931441906753,-1.2253299644236095,0.12,0.01,0.03,8,-0.9504461467692277,-1.3268868883096656,-0.062091831148831,-6.177705186615284,-0.989609129598347,-10.384182878503017
2,2,-1.2671300838223936,1.332798839178778,0.8824728715551274,-0.439270784295261,-1.0058908914208775,-0.5034637975553513,-1.091494011692321,30,5.89,-0.6386086299021433,0.8775510061005579,1.479763850589785,-1.2384968035241668,-0.3459048801217185,-0.14647316368240204,0.11,0.05,0.02,109,0.6333173479809355,1.5618439538971682,-0.005178294097074984,0.22433108925400846,1.632421366966844,0.31510276153552685
5,2,-1.492788293714165,0.4454901762471179,-1.4661847503196708,-0.439270784295261,-0.17190933345193557,-0.92935608689727,0.06344009770918868,15,3.69,0.3148348394489169,1.2387861514981755,-0.8632751553987836,-1.3756952544667707,0.5881981974628995,-0.9886127088208244,0.07,0.05,0.03,117,-0.6362028026906593,-1.1854871362828887,0.020705957334238103,-4.125200666187314,-0.6759015479988468,-7.1454578403258475
4,2,1.1022811200412073,1.317799849324951,0.29530846608642786,-0.439270784295261,-1.4461927961628642,-1.1200588740390947,-1.451817604327038,30,4.27,-1.33670446470203,0.7869197164639549,1.417308045098975,-1.1601503047245196,-1.385839869555044,-0.641806772225506,0.1,0.04,0.02,25,0.21429254374957993,2.498296721304714,-0.0054162679724681076,0.9030967039719539,2.169397437815202,2.55815092613825
5,1,-0.11063175812706463,-0.8341604844399114,0.29530846608642786,-0.439270784295261,-0.9711050300200433,-1.041542981081163,-0.8890865326213429,15,4.33,-0.6436332342389897,0.168264020411289,-0.9400390181474885,-1.1557832778432495,1.1661613639795392,0.400856993928524,0.19,0.04,0.01,68,1.278707622981319,2.5750463151582643,-0.005470381016532517,2.1837828136678303,2.6108216234764945,4.899714167059934
4,0,-0.9568500452212078,0.8528311638563142,-1.4661847503196708,-0.439270784295261,-0.7121088900583881,-0.038831881931326064,-0.8668521914224802,30,5.78,-0.4135513520681826,-0.7491713063961704,1.5052761008326978,-1.2334256504300243,0.9839461914515547,-0.16454308950715194,0.12,0.02,0.02,98,0.5272685961006501,0.6832159444841489,-0.0045670824631858075,-0.7016893183127714,0.9530220223470944,-0.6529816445868982
0,1,0.9330374626223785,-1.3464944010258966,1.4696372770238268,0.45420977931888984,-1.542026995558468,-1.246372655767098,-1.532583348333212,15,3.17,-1.4088886998994228,1.2100754930036781,-0.8721325241774804,-1.424816543438199,1.2553958006896135,-0.6396835457136101,0.19,0.03,0.03,31,0.43742650669927324,3.3708854358164166,-0.005877642485426871,1.9716951626469266,3.4563059594487036,6.457216740155767
0,1,-1.4363737412412223,0.9704548211310626,1.4696372770238268,0.45420977931888984,0.7210848786202894,-0.09201199639902555,0.916709209088315,30,3.72,0.4799730452957932,0.5883048871527047,0.004065648853592113,-1.3531133851844102,0.8749713740713009,-1.2494668361388064,0.12,0.05,0.04,115,-1.2274222570307283,-1.7887356575445392,-0.030166948506976585,-7.396115943034834,-1.12736797850685,-6.561202251619402
0,1,-0.9568500452212078,1.5309433893530189,-0.2918559393822717,-0.439270784295261,0.7173534725864442,1.4844584283325495,0.4448009897763777,15,4.11,0.06988719240092156,1.1491774332600069,1.5315453911421655,-1.2677516227623624,1.6893056705181593,-0.17907839547394747,0.05,0.04,0.02,98,0.45028560900285025,-0.9035301248241076,-0.0015280662070522152,-2.7814417303146324,-0.03484033085350634,-1.438298209573569
1,2,1.666426644770636,-0.8720526693337901,-0.2918559393822717,-1.3327513479094117,0.6050499049115868,1.0453131893226393,0.43645196602703745,15,3.82,0.7242517934034233,0.7472439462047098,-0.3608276632260493,-1.2612346638444558,-0.8130097002275302,-0.48365298855808353,0.19,0.04,0.01,5,-0.4729868999783446,-1.1030131504065177,0.011698162054000285,-4.662331004297452,-0.6258289425350119,-2.5922649150951074
4,0,-1.5774101224235795,-1.7175220447784592,-0.2918559393822717,-0.439270784295261,-0.04638467180276495,-0.44388438092155763,0.07436457198992957,30,4.66,-0.13351130708552655,-1.702962979384881,-0.8466959779412232,-1.1893430164198364,1.4010869787940818,-0.3786085046545059,0.18,0.03,0.01,120,0.1478105840508258,-0.5678408343525124,-0.0009285205336352098,-3.341423992808387,0.013079087217329352,-3.710933585392141
5,2,-0.6183627303835505,0.6175838493068171,-1.4661847503196708,0.45420977931888984,-1.1476803928067627,-1.15194386224081,-1.0741608371272378,15,4.06,-1.0165486270300375,1.2909687565536543,2.554685041091617,-1.2279450208613194,1.4766329616897462,-0.9471913823604231,0.07,0.04,0.02,86,-0.3833950042007906,0.18492919689835077,-0.0010537474394983846,-1.3671571092930612,0.03455345298298854,-2.9056942095599188
4,2,-1.097886426403565,0.40759799135323915,0.29530846608642786,-0.439270784295261,-1.0013801542722252,-0.5751047455737694,-1.0646939789745038,15,4.15,-1.222124374423641,-0.10735830113588749,-0.37604416856381023,-1.1791328252428235,-0.5165912219449271,0.12754987720358293,0.18,0.02,0.03,103,1.1978817228444352,2.1304564635320182,-0.005654654168003996,2.503619092974695,2.5723486008653236,3.1979222475652733
4,0,-0.7311918353294363,-1.292024385240946,-0.2918559393822717,0.45420977931888984,-0.0351189976575602,-0.20165062740772532,0.016456208378363167,30,5.82,-0.5143289001973776,1.6221403028373083,-0.4556090795587694,-1.1663986124104382,-0.8078808548290666,-1.18345044650014,0.12,0.04,0.02,90,-0.8236729939904578,-1.4868746625947515,0.17493332212590762,-6.9491446954391,-0.8568368900134459,-6.5838108323504905
3,1,-1.3235446362953365,0.7502064964353926,0.8824728715551274,-0.439270784295261,-1.0325418135425977,-0.6774053361971234,-1.0728063838791795,15,4.56,-0.7485910983499227,0.6408021295615481,2.4275780139169862,-1.2315385921795268,-1.0446408691513434,-0.5890165700877265,0.19,0.05,0.03,111,-0.20549036023828127,0.6892989051607377,-0.002685902189806678,-1.2002259009260952,0.2422961518405216,-1.5264486486042463
1,2,0.8766229101494357,0.20155923599277362,0.8824728715551274,0.45420977931888984,0.03041448662069402,-0.2820465557986024,0.12112099402189272,30,4.66,-0.37103453877012216,0.5648958680623971,0.30362640318951345,-1.2283328319139475,-1.1242438434894242,-0.33532168438018434,0.11,0.04,0.02,33,0.3489127100666032,-0.587137658498071,-0.0018377220784095752,-2.9610616588925436,0.15396468895831,-2.9566329792421286
5,0,1.1022811200412073,0.3428655088261964,0.29530846608642786,1.3476903429330407,-0.5491552075563114,-0.8244269136925204,-0.4329839627455296,30,5.38,-0.07245401827586799,0.810753495981305,1.3624226402737178,-1.3624699587372022,0.5704700513338335,-0.24298792258154153,0.06,0.05,0.02,25,0.4871298673973428,0.2375659429985026,-0.0035623017026854315,-1.8328309292106808,0.7103546516543237,-2.7228120225053463
6,2,1.1869029487506215,-0.4528703739452568,-0.8790203448509712,-1.3327513479094117,-1.570270224954239,-1.1002080937652177,-1.6107473127617742,15,4.37,-1.3158452201693116,0.2559849145292716,1.587566356067256,-1.333527843755595,-0.3436193193619877,-1.1113425649997912,0.15,0.05,0.04,22,-0.4067246442797436,1.569500231411965,-0.004181036526798759,-0.2931163026684245,0.7060487727716386,-0.25343845359656453
0,0,-0.9286427689847363,-0.6036496930021492,1.4696372770238268,1.3476903429330407,-1.5599424857742392,-1.4092497628264216,-1.50640062897767,15,4.37,-1.3311524825387837,0.574067546912968,2.6079049577704523,-1.2724385757075323,1.5606229948279162,0.25805671526909035,0.14,0.04,0.03,97,1.351247363106079,7.518955314576478,-0.006328113932355615,3.8359859256828797,6.77522530654757,18.064680458988246
2,1,-0.11063175812706463,-0.7118003040534281,1.4696372770238268,1.3476903429330407,-0.5287560346055848,-0.11488057405413704,-0.6181497093013222,30,5.3,-0.46452193515685875,0.4327639115170352,-0.09207843959892742,-1.422065757033245,-0.737778561457109,-0.8827991178185253,0.1,0.03,0.01,68,-0.18498553257673203,-0.7486330406972512,-0.0008677957130241036,-2.8913702592204467,-0.09865795292279948,-2.624242353294964
5,0,0.7637938052035499,-0.7528501710217966,1.4696372770238268,-0.439270784295261,-1.5238105448656,-1.3125826746452784,-1.490487632398677,30,4.25,-1.495355681367754,-0.2822966696064698,2.2935062181300476,-1.2757237758535382,0.680039958709052,0.19418400711835002,0.16,0.03,0.01,37,1.3266850617585348,6.618286668881608,-0.00629900108112051,3.773977510543668,6.203256651620793,13.666073084738969
6,0,0.9894520150953214,0.7809938966616691,0.29530846608642786,-0.439270784295261,-0.430344993790665,-0.6722303890493145,-0.331550357912545,30,3.09,-0.5601914177794334,0.6140894182609142,0.3989377475688223,-1.3967713769246812,-0.10925973200777218,-1.1480551559781262,0.14,0.01,0.02,29,-0.645445887932297,-1.2181555723019215,0.016528073095651914,-2.764199635653725,-0.6532903372971824,-3.649135144602954
3,1,-1.6338246748965224,-1.1980833435248717,1.4696372770238268,1.3476903429330407,-1.3394931915263057,-1.1397430720296047,-1.3143722507841353,15,3.78,-1.3048549565668597,-0.16270301159267792,0.14601066133270574,-1.1903446810939429,-0.7636289940523334,0.3681044863095639,0.11,0.04,0.02,122,1.780237959091232,4.930454790443555,-0.006235426290655647,4.683189137943411,5.562583572557049,11.822291292494056
1,1,-1.549202846187108,0.5220639665534978,-0.8790203448509712,-1.3327513479094117,0.325289059222791,0.5740965682577712,0.23105665406797438,15,5.85,-0.1456905899617192,-1.6658829672908912,-0.5547056242708546,-1.4079868436794563,0.5898623735534697,-0.34477597430117063,0.08,0.04,0.03,119,0.6000894989380352,-0.8185375468248225,-0.002518741246500497,-4.131410391980453,0.21700367400134135,-2.719509043322958
5,1,0.45351376660236414,-0.9999387933506309,-0.8790203448509712,0.45420977931888984,-1.4106734093120847,-1.4418428495547582,-1.3126207085380195,30,4.73,-1.1232857865139847,-0.4374758122857703,2.4321959583229735,-1.387156262670137,0.32220680901586585,0.14602481155372335,0.09,0.04,0.02,48,1.4116114784740137,4.941907891423648,-0.006101048041236318,3.367439198498515,5.245537154887292,17.795640351543618
1,1,1.1869029487506215,-0.9580995058636398,0.8824728715551274,-1.3327513479094117,-0.7940396517600682,-0.7390200614427591,-0.7603576349447899,30,3.21,-0.6111305517316727,-1.69264287419453,0.45851680080672225,-1.3028423844889891,-0.22643295201633096,-0.7162424299980494,0.18,0.03,0.01,22,-0.10697502990555428,-0.10994966944325678,-0.0020578745497169455,-0.772920600499955,0.1732554876001737,-0.9795495351656044
5,1,0.1432337280011783,0.005782947374400222,0.8824728715551274,1.3476903429330407,-0.49057759816087365,0.023103130360624908,-0.6119597162800217,30,3.97,-0.6974414970999916,1.4983147724207655,-0.07572637416133356,-1.314223952811929,0.8701684442398468,-0.33395120098618575,0.15,0.02,0.02,59,0.45683237848266367,0.008492623545166536,-0.003874639988261036,-0.24199363981481586,0.617071165958602,-0.26326882478768115
6,2,0.030404623055292554,-0.36919179897127463,-0.2918559393822717,0.45420977931888984,-0.8117437495268288,-0.2733481209484953,-0.9202319835551498,30,4.67,-0.7306481564306218,-1.0751828000846486,-0.21789849866041378,-1.3270426607898593,0.19446451391068914,-0.9405885160979948,0.12,0.04,0.02,63,-0.19058755960017842,-0.48582070280779216,-0.002123197884696089,-1.6187300665778996,0.06816016209563154,-1.611951222962911
0,2,-0.6747772828564934,-0.3076169985187217,0.29530846608642786,-0.439270784295261,-0.8997696998507422,-0.6694637033162476,-0.9113904402499243,30,4.66,-0.9371056892266232,1.7129289111505932,0.9518041081741379,-1.3428201432233149,-0.1564690516664581,-0.8185377651232182,0.08,0.04,0.02,88,-0.03630306799933614,-0.10512082953326937,-0.0030185864413900775,-1.2506881385955144,0.37644138084104,-1.5860852006046782
1,1,1.6946339210071073,-0.5436537335868412,-0.8790203448509712,-0.439270784295261,0.21535365830779596,-0.2500520261251193,0.3397534052490909,30,5.94,0.6626054380766625,-0.7111159185067514,0.23450864511301708,-1.3571315987725343,0.7232718629130198,-1.149982014720136,0.06,0.01,0.02,4,-1.0604503116438384,-1.5531370290789606,-0.04094202783136571,-8.743472245914456,-1.0478967563915316,-8.535987674648197
5,1,1.412561158642393,1.4338446655624546,-1.4661847503196708,-1.3327513479094117,-0.20898367284877378,-0.22290976265510326,-0.1916984169868485,30,4.02,0.34052757433552006,-0.8625980722840207,2.130288379780731,-1.4114915867677322,-1.5002715237961024,-0.4777333184950513,0.14,0.04,0.01,14,-0.21713153392916498,-0.5310029450999532,0.0013652218882914317,-2.8998916573942957,-0.26406472286278593,-2.7957066026904496
2,1,1.6946339210071073,0.22445243103282533,-1.4661847503196708,-0.439270784295261,-1.383974281142026,-0.9984133585593428,-1.4111319115884655,15,5.33,-1.318150683786555,1.4079194607991858,-0.005927280024937434,-1.274439738513552,-0.2426719892277641,-0.3361971573542609,0.06,0.05,0.01,4,0.9392978950756666,3.071916680477819,-0.0060099511773072534,2.2331891159727935,3.7841185961337813,4.691120310206282
2,2,0.5381355953117785,-0.3762965836388769,-0.2918559393822717,-1.3327513479094117,-1.284413535993171,-1.2877589426881115,-1.2025576609319246,15,3.47,-1.220597881724291,0.6495018523820723,0.6472468893989518,-1.4350195128079002,-0.7295559400499391,-0.8625446005537898,0.18,0.01,0.02,45,-0.02187110212160518,0.871188916857321,-0.0040936987094485015,0.10360515729503844,1.0149856093575484,1.059562634006649
6,1,0.39709921412942123,-0.461553999650104,0.29530846608642786,-1.3327513479094117,-0.2850667036430253,-0.017118814089183462,-0.34654597319833014,30,5.48,-0.7325556675137239,-1.1621642964222247,0.032908875389348016,-1.228095234453399,0.243008634267383,-0.8516952812675691,0.07,0.04,0.03,50,-0.06651438395333738,-0.9327695606853632,-0.0008037887632603954,-3.5660605767549605,-0.08507476561911269,-3.0626736936214405
6,1,0.22785555671059263,1.452790758009394,0.29530846608642786,-1.3327513479094117,-0.14716056645159156,0.5047755550717351,-0.33114595257172047,30,4.81,-0.6963129569347826,-0.9441206105407255,1.4208661334117847,-1.195868641506517,0.3049948688591763,-1.3448238433946578,0.16,0.04,0.03,56,-1.0612755147250603,-1.626584459558884,-0.031361194306212266,-5.450315175803056,-1.0789238530060732,-3.6459392358624974
2,2,-0.02600992941765032,1.6154113848456235,1.4696372770238268,1.3476903429330407,0.6730305503877629,-0.1724640575712155,0.8812837955134392,30,4.9,0.6004849265390099,-1.4206388822110436,0.1856038568135464,-1.3481650028145635,0.5921970638360405,0.19602904595624057,0.1,0.04,0.02,65,0.8714926769921003,-0.5645042659530866,-0.0021456796363740127,-4.016164168026649,0.257612829029135,-3.750399011250231
4,1,-1.6056173986600508,1.2001761920502025,-1.4661847503196708,0.45420977931888984,-1.0385343411359618,-1.2003543412610633,-0.925182676201504,30,5.59,-0.7434273920634527,-1.7324444993951211,2.159207310323142,-1.310995804943684,-1.5388119045513946,-0.42859228408099304,0.14,0.03,0.02,121,0.29047811494998843,1.0616932194916766,-0.004201374433862155,-0.9853214322949823,1.1132831400824215,-2.1067491234594855
0,2,-0.7593991115659077,-0.8933670233365969,-0.2918559393822717,1.3476903429330407,0.5821849231557625,0.4493829009900184,0.5848975510319724,15,5.92,0.7084534406726702,-0.9082204885218526,-0.5319944222741965,-1.2853258908549219,0.18434521613584665,-1.2114205807233267,0.2,0.05,0.02,91,-1.3302436855146562,-1.723615543026032,-0.023130173283259343,-10.194899821476607,-1.2102972482345258,-6.874998400534287
0,1,1.2715247774600358,-0.744955965835572,0.29530846608642786,0.45420977931888984,-0.3771094477421001,-0.6372897963871864,-0.27624333342986157,30,5.94,-0.6131094281628429,0.17150478515094175,0.3204326926670405,-1.1781463263640712,0.03207621769168677,0.23578124637260794,0.18,0.02,0.03,19,0.9948407923888578,0.6204129808153621,-0.0042743441114915254,-1.5891862491350786,1.0921531125846977,-1.9955339872519016
4,0,1.6382193685341646,1.5427846971323558,-0.2918559393822717,-1.3327513479094117,-0.9600315452560335,-0.988943263062598,-0.8910196376210691,30,5.6,-0.9158980850287599,-0.060115502528229385,0.12685754764885732,-1.2240755765038123,-0.4212674922631204,0.3343210478987003,0.18,0.05,0.02,6,1.3197580110468334,2.389221207411771,-0.005502709525360416,1.4679488049350868,2.6430049646144145,3.1453741373934654
4,2,1.35614660616945,0.915984805346112,-1.4661847503196708,0.45420977931888984,0.2310863865899484,0.5869253026858111,0.11105798851522217,30,4.16,0.44148535020814084,1.104184291728904,2.581105739414396,-1.3013619139901296,-1.5982669307692565,-0.4583215462427448,0.14,0.04,0.04,16,-0.4260647857522066,-0.8675345714531889,0.007476058006870878,-4.2648242751533125,-0.5468490988284288,-2.78955357610858
4,2,0.17144100423764974,1.214385761385407,-1.4661847503196708,-0.439270784295261,-0.6321480298381981,-0.33996592797327296,-0.6789593576258364,15,3.22,-0.32971279265665576,-0.8191781175197397,1.2276695084268792,-1.3296266234459173,-1.4484710156297522,-0.7781391874643082,0.15,0.03,0.04,58,-0.33290248748193446,-0.4641090786824502,0.0005434609319721041,-1.4887874771339036,-0.2284426857431985,-1.5380392741406212
1,1,1.4689757111153359,1.4148985731155153,0.8824728715551274,-1.3327513479094117,-0.09707063367909848,-0.5210279099245952,0.03471239219262937,30,5.99,0.20936048375111943,-0.23444032815975108,-0.7588793302208117,-1.2613762112677613,1.2926235236304315,-0.5662256357952923,0.15,0.05,0.01,12,-0.1880233800701696,-0.7395036577848447,0.001975004848496573,-5.621087809410672,-0.2723371971080108,-6.641877034106913
2,2,-0.6747772828564934,0.577323402857071,-0.2918559393822717,1.3476903429330407,-1.3140384142155417,-1.0747285988451827,-1.3022465504740834,15,3.51,-1.4011981764584818,1.2775652053003328,1.214269899248851,-1.37487919024057,1.4318808101381761,-1.119540919392546,0.12,0.02,0.02,88,-0.30930480459989795,0.2259471044591069,-0.0030666934970024133,-0.437680158697401,0.4081264569218384,-0.572813281545181
0,0,1.5253902635882788,0.11945950205603639,1.4696372770238268,-0.439270784295261,-1.4989676471247761,-1.0310648894188112,-1.5432937155931865,30,4.92,-1.3992059946234348,-0.8708258390744987,2.068135390316543,-1.3868998885105783,-0.39537692569149135,-0.493450922076371,0.09,0.03,0.03,10,0.6521349160464273,3.5241667770776006,-0.006064744067365936,2.025543154055983,3.8056079779473033,4.497297244232256
1,0,-1.6620319511329937,0.8188860815555478,-0.2918559393822717,-1.3327513479094117,-0.22996375843880001,0.0944673767864531,-0.3116552643797733,15,5.73,0.0660165294548677,1.1460467915940318,2.286314337497773,-1.2203585122805782,-0.9301787684454264,0.09330006533923918,0.08,0.02,0.02,123,0.6645374149865275,0.20276516538553405,-0.0037390179839714224,-2.092214317418498,0.6103751002594836,-1.7302009789470791
2,1,1.0458665675682643,-0.8562642589613407,1.4696372770238268,-1.3327513479094117,0.6403579588269958,0.8638121334539584,0.5338047889217002,30,5.37,-0.19124829283677316,-0.4736433760550031,-0.6340434232458472,-1.1816821232237866,-0.5959568522501325,-0.6180953640117296,0.08,0.04,0.04,27,0.013567211946543728,-1.234093741436738,0.0015375886352242336,-5.885915246678736,-0.3033108398991693,-3.4316659222387305
6,1,0.08681917552823543,0.02157135774684969,-0.8790203448509712,0.45420977931888984,0.6678112438421732,1.5726609407363203,0.35754682426601475,30,5.24,0.33880029099584363,-1.3378263308055454,2.513274949451043,-1.4037873627278132,1.617573799311153,0.20045959376430125,0.16,0.05,0.04,61,0.6231221321611121,-0.5572892298606177,-0.0023428672180318658,-3.6667669301940458,0.09508286425460274,-1.796614663549069
2,1,-0.42091179672825046,-1.1570334765565031,0.29530846608642786,-1.3327513479094117,-1.0074332270752722,-1.17752885377043,-0.8935865238716394,30,5.02,-0.8091875363525666,0.28674071582063776,1.9815300067026196,-1.1728238543754885,-1.3514893375433694,-0.95255876807065,0.05,0.05,0.03,79,-0.40870919405198325,-0.16333661451646275,0.0004472926000380189,-2.4577818171428505,-0.1279894979244325,-5.847105949238694
3,2,0.5945501477847213,-1.3322848316906921,1.4696372770238268,1.3476903429330407,0.6557900638760111,0.09319390558451886,0.7812704910134137,30,3.35,-0.16149257143898407,-1.6076278613154809,2.6382622644393185,-1.4109044538333062,-0.9139812491406185,-0.3934179073001011,0.11,0.02,0.04,43,0.18324297018642421,-1.0508824800905554,0.0008224124876896028,-3.016862798516941,-0.19358347743552165,-2.4633876427307055
1,1,-0.22346086307295038,-0.741798283761082,0.29530846608642786,-1.3327513479094117,0.46057953226379766,0.6272561282217253,0.382175175589537,30,3.1,0.2190492369379608,-0.2018753620865401,2.4665655773445825,-1.1973325018485599,-1.3825987049778172,-0.1207121668704368,0.13,0.05,0.02,72,0.1447748069750068,-0.6990349963405025,-2.396072400388587e-05,-2.032028280521532,-0.1680871650279986,-1.3789034186380924
4,0,-1.0414718739306221,-0.9509947211960375,0.29530846608642786,-1.3327513479094117,0.019778565975286953,0.26364332484296177,-0.05375432866711461,15,3.15,-0.19684865828684478,1.6859015624965947,1.8473825069090255,-1.3851702656594718,1.1446765392659806,-0.36274362524577136,0.14,0.04,0.02,101,0.09928361284985567,-0.6081169788075269,-0.0010041353141082693,-1.4509731262305394,-0.05725050201828143,-1.1476929945921364
2,2,1.1022811200412073,-1.722258567890194,-0.2918559393822717,-0.439270784295261,0.8573063632063899,0.8108122217239152,0.8171140372478173,15,3.33,1.4406304627125615,-1.2802476951398678,0.22451571623448754,-1.2166920007085247,0.310980367064345,-1.3539631266847847,0.09,0.02,0.02,25,-1.8335395865943542,-1.8995006368218461,-0.015530924783712784,-8.078946025414966,-1.49225108554939,-4.74363977702411
0,1,-1.492788293714165,1.3391142033277577,0.29530846608642786,0.45420977931888984,-0.36585002252908744,-0.8653774286244879,-0.1947442667602177,15,5.84,-0.8147467760088366,0.974333455995434,2.1501985335311344,-1.293815847530333,-0.14160079733877473,0.3917095286479851,0.06,0.03,0.02,117,1.6494937017319735,0.8105604977624339,-0.004905323804936964,-0.12256095704288039,1.7741436763842386,0.008175185035923608
1,2,0.030404623055292554,1.1275495043369348,-1.4661847503196708,-1.3327513479094117,-0.8587498640193715,-1.0750891694169107,-0.7405561857055583,15,3.83,-0.6869628867557213,0.16143638984328257,0.09937699323290096,-1.1571279783646529,0.10928568471281057,-0.547746610449946,0.14,0.01,0.03,63,0.09749431435599841,0.32903124773607606,-0.003067668770253107,-0.7519733225111648,0.5333141757832124,-1.26086021568769
2,1,0.6227574240211927,-0.3502457065243353,0.29530846608642786,1.3476903429330407,0.6008677028931961,0.3061465715638956,0.6504010125166676,30,4.2,0.9246033554020245,-0.6546857091808541,0.05145635701995211,-1.3708176458085768,1.5729157550146005,-0.11861348632977681,0.12,0.01,0.01,42,0.21504423610840123,-0.7863057012502487,0.0002368311833821079,-3.972178169315429,-0.15781580046206506,-2.91923948733082
4,2,0.96124473885885,0.6688961830172778,-0.8790203448509712,-1.3327513479094117,-0.17700278848696532,-0.05062942414736367,-0.20331928964599258,30,5.01,-0.266862903070106,1.2871459127102776,2.430833286203174,-1.322273379241338,1.442310800247599,-1.2883026536290374,0.09,0.02,0.01,30,-1.1687295789094698,-1.54583764033911,-0.024173206965807728,-6.265360420269719,-1.1847215545256908,-5.436665361302879
3,2,-1.1825082551129793,1.3777958087402589,-0.8790203448509712,-1.3327513479094117,-0.7865343866292319,-0.5948949354631116,-0.7938224644131606,15,5.29,-0.6617914817846647,1.0573819854159558,2.0676054622699542,-1.1629285339972577,1.1052656664017744,-0.2534567793136075,0.15,0.01,0.04,106,0.2661404866048826,0.7016081816062381,-0.003802419042493519,-1.2430153118319407,0.6914171467296965,-1.4946808279900727
2,1,-0.7593991115659077,-1.5533225769049848,-0.8790203448509712,0.45420977931888984,0.12275509648758907,-0.25017221631569525,0.22557174605277655,30,4.05,-0.31798468393011264,-1.2406348523512951,1.3566691357678977,-1.424347125962951,0.8372751907507255,0.40604028485448235,0.06,0.03,0.02,91,1.6909836939426193,0.11427259946569772,-0.004464698505794558,0.8874971639343376,1.2200219001009214,0.8508112302117018
4,0,-1.154300978876508,0.6523183521262059,-0.2918559393822717,0.45420977931888984,0.31394843756704194,0.39511636955928964,0.27012262107710217,15,5.65,-0.21805505290253738,0.8746878061849428,-0.943142882420365,-1.4208813806341574,-0.19325460890171478,-0.6024227613776756,0.14,0.03,0.02,105,0.0754521035401193,-1.0596941576026255,0.0001520179706653117,-5.30757974256136,-0.1769685630528497,-3.7191796924598477
3,2,-0.4773263492011933,1.0391344062512178,-1.4661847503196708,0.45420977931888984,0.05962076573771798,0.21476199084534206,0.009879379026627711,30,3.14,-0.08365474917601141,0.3378378220070093,-1.1024241124235943,-1.3573764180403944,-0.9955154981018931,-1.130369783702737,0.09,0.02,0.01,81,-0.6570549592531549,-1.4701228087017706,0.02283337372316183,-3.4361219750401366,-0.7163271250126756,-2.642162563594413
1,0,-1.097886426403565,-0.905208331115934,0.29530846608642786,-0.439270784295261,-0.399313133768967,0.1344934343391207,-0.5324068946638355,30,3.22,0.005735792398761429,-1.5900239013947453,-1.0605597967430878,-1.178349981330256,1.2564019179601704,-0.32306915373831735,0.14,0.04,0.02,103,0.2711262919633824,-0.1071538956126014,-0.003148621889277695,-0.24501615286475303,0.33470265791170917,-0.2698671707840797
0,0,-1.6620319511329937,0.3594433397172683,-0.8790203448509712,1.3476903429330407,0.4562800288611162,1.2667559384756024,0.18730798299437124,15,4.31,-0.19484196146574995,-0.2285408777841694,0.38425117027765,-1.4217292208125285,1.2855142740859342,-0.010026200577832838,0.08,0.04,0.01,123,0.9939167323148084,-0.5953071430040187,-0.0035509532872647722,-1.0881740025987217,0.44305022888284007,-0.7012013970840143
1,2,0.17144100423764974,1.5569942664675605,-0.8790203448509712,0.45420977931888984,-0.783992221824111,-0.1570416584536851,-0.9204775581906258,15,3.71,-0.9989129189820795,-1.0536616051145264,1.148710229485164,-1.224843254621026,0.541598499066497,-1.0568955098035957,0.17,0.03,0.03,58,-0.5042963654373267,-0.7336127588002488,0.002261426764818589,-1.793825191350453,-0.3921198142344986,-1.6785697804282884
2,1,-0.11063175812706463,0.34918087297517614,1.4696372770238268,0.45420977931888984,-1.3001441812979262,-1.3656146150799533,-1.1988825078031173,30,4.89,-1.0482324224078299,0.31048010413197796,0.2006689541379964,-1.4230168690561709,-0.128800134761039,-1.313781371771791,0.11,0.02,0.03,68,-0.573211697860324,-0.392950433849788,0.0016938354232684562,-1.9551753741091031,-0.22787067634454491,-6.676131107872395
2,2,0.48172104283883554,1.538048174020621,0.29530846608642786,1.3476903429330407,-0.19282623539424235,0.5540921657691535,-0.4020917453611986,15,4.35,0.1801623797339963,0.5195880891779294,0.08552316001493937,-1.3070519759708683,-1.2043955461600717,-1.2691077041226468,0.07,0.05,0.02,47,-1.1012655874433412,-1.5151718936446084,-0.02655294071120446,-4.937730786262253,-1.1221462515823444,-3.2504125556584738
1,2,0.08681917552823543,-0.624964047004956,-1.4661847503196708,-0.439270784295261,0.13545098258957153,1.0193469901693375,-0.135085853534337,15,4.09,0.688881191569515,-0.3955661168176382,1.7999917987426655,-1.2483336272631744,-1.5451724478464135,-0.22158383566392986,0.1,0.02,0.03,61,-0.01924990982853783,-0.554508826401866,-0.00042839724188485916,-2.6076622259970623,-0.1978403963598617,-1.5330954170767284
4,0,-0.8158136640388506,-0.7686385813942461,-0.2918559393822717,-1.3327513479094117,-0.1866107498678424,-0.7233454775503593,-0.015760364924249672,30,3.93,0.008927879747085157,0.5552365013141108,-0.643355016064477,-1.2396855130076412,-1.4332353278284338,-0.3540666244139184,0.15,0.02,0.01,93,0.13677774264406808,-0.4022775830249581,-0.001122049395707525,-2.308219007060862,0.0688482216933309,-3.1643583525296664
1,1,0.7355865289670785,1.6635660364815943,-1.4661847503196708,1.3476903429330407,-0.37809854459975967,-1.0006949084750918,-0.169740897813807,30,3.54,-0.6446238820367451,1.5434652326285505,0.7091727668431729,-1.3790064531190978,-1.2503960027708465,-1.2409575661103982,0.18,0.01,0.03,38,-0.855796177161345,-1.3804518058458617,7.3921258865252435,-4.0377743760764755,-0.8853068063671246,-7.632952211298664
2,1,1.4689757111153359,1.6643554570002168,-1.4661847503196708,0.45420977931888984,0.5706987906503987,0.7347602276727917,0.48613673589937256,30,3.46,0.0037823171931749117,0.6615209992805912,1.2332716049193884,-1.1836962852829669,0.7688190823764672,-1.3025761359026513,0.1,0.04,0.04,12,-1.3019453264710257,-1.8001411643226186,-0.0235128241886012,-6.325653826513181,-1.1922479640815082,-3.8511816305880218
3,0,0.9894520150953214,1.1622840071563236,-0.8790203448509712,-0.439270784295261,-0.8913575857126211,-0.43609760847853946,-0.9701899784553573,30,5.71,-1.039305705988493,0.6112104864776305,1.0276595228429761,-1.3171718945564874,0.9357750402893791,0.04947323369773047,0.13,0.03,0.01,29,1.1347433568367329,1.5614424007215633,-0.005473672004644215,1.1864020765104746,2.157392192089947,1.3531870525726915
5,1,-1.2389228075859222,-0.12368201767968541,-1.4661847503196708,1.3476903429330407,0.5648296149947174,0.589221546182551,0.5220386415902941,15,5.13,0.5411621785620515,-1.3049152636436334,-0.8139918470660354,-1.39813846504875,-0.17178223956014393,-0.43795657210744815,0.17,0.01,0.04,108,-0.0680412406686165,-1.0433280681836332,0.0023832422222261557,-5.710547474828364,-0.34292501196108055,-3.6878987425616896
2,0,1.4689757111153359,0.5196957049976304,-1.4661847503196708,1.3476903429330407,-1.5521064239948243,-1.2919915194955252,-1.5314934090159529,15,4.16,-1.5569597013185426,-0.9592861309728876,0.0747731910698546,-1.4158261155161005,0.746403564589388,-0.7657598359710566,0.07,0.01,0.04,12,0.563549635521236,2.933103723914539,-0.005979423827606364,1.9947099022599881,3.96949900664459,7.227797275951036
4,1,1.2715247774600358,-0.8436335306633811,1.4696372770238268,1.3476903429330407,-0.5325426097836399,-1.0840868415203406,-0.33552310756553116,15,3.06,-0.7575782938777914,-1.218940606836823,2.4274266059036753,-1.2685597430005202,-0.26196051668083653,0.045881339906892436,0.09,0.01,0.02,19,1.0392399610864052,0.6399863815565741,-0.004429440360236252,1.4708176882094637,1.3422504305948215,3.65858474591875
1,1,-0.0824244818905932,-1.3346530932465595,-1.4661847503196708,1.3476903429330407,-0.1505070184245274,-0.905429819055448,0.08274680067951926,15,5.16,-0.3851552010301949,-1.7310128994373133,0.20399993043083958,-1.2795997198376254,-1.0782745253086183,-0.1528632981941202,0.13,0.02,0.04,67,0.6826616982639153,-0.19886390117694727,-0.003039462648962818,-2.624034354777138,0.5660472654249902,-4.333927625868821
3,1,1.1022811200412073,1.5419952766137335,0.8824728715551274,-1.3327513479094117,-0.6825012509537157,-0.6040621615853898,-0.6627836089109579,30,5.94,-0.8362120212090465,-1.680214698736638,1.8532117154215009,-1.3448444158127313,0.8094997112183017,-0.22642348299258708,0.17,0.04,0.02,25,0.5754209742697152,0.515957965621337,-0.00423978700447063,-1.360277475557967,0.9768768122370327,-1.6540506285905547
0,0,0.22785555671059263,0.4486478583216078,1.4696372770238268,-0.439270784295261,0.45204476051379305,0.7651519187951658,0.3307720194725875,30,4.9,0.8943843640328798,-1.5180348749449804,1.8065780473216964,-1.3122372336205326,-0.7110880832178297,-1.302367495147147,0.08,0.01,0.04,56,-1.5576686434638691,-1.7716632583032421,-0.016869206527650255,-8.574229027389373,-1.3905474600357721,-5.110976967010991
3,0,1.2151102249870929,1.3209575313994408,-0.2918559393822717,-1.3327513479094117,0.253228416485854,-0.3918382311845879,0.428499688704522,30,5.59,-0.4145734490023748,0.5330702997695924,-0.09730201605815879,-1.2135404039977817,-0.21457267002366134,-0.6465932366164858,0.12,0.05,0.02,21,-0.07123134013557567,-1.0685049784262508,0.0020782546998108532,-6.0870850220627934,-0.27306803761657783,-6.538353466092703
5,0,0.7637938052035499,1.4764733735680682,-0.2918559393822717,0.45420977931888984,0.3766484377727466,0.7777197183383088,0.2340477169134013,15,4.29,1.0868167915602893,-1.1118695154869325,-0.019554001222932427,-1.414810729408102,-0.591802293727146,-0.8387554634311,0.12,0.04,0.01,37,-0.8156752322556899,-1.316227207356332,0.15465967333831906,-5.685419161474366,-0.855797907757938,-3.422113647124393
4,0,-0.11063175812706463,-1.467275740375135,1.4696372770238268,0.45420977931888984,-0.10379640899208817,-0.19489587265878758,-0.07025740419534131,15,3.23,0.07013757591024461,-0.47900794292986554,1.9008295356078277,-1.2481855802132884,1.5701368231311374,-1.120162750663853,0.14,0.04,0.01,68,-1.0949892580922749,-1.3811088864551133,-0.03107709842642613,-4.4874301727022,-1.1057633209665823,-4.242959998675835
0,2,1.0740738438047357,0.6278463160489093,-0.2918559393822717,1.3476903429330407,0.7591520047204627,-0.47669622040059945,1.0776938800043112,15,5.04,1.471842521043803,-0.44888141634522827,1.7569162189556704,-1.2786579961642048,0.10549025608213435,-0.6502546773258249,0.15,0.02,0.01,26,-1.0676593750290833,-1.3091709966936476,-0.04985858069973465,-9.627875946244886,-1.0216002436237934,-11.027322361438472
1,2,0.05861189929176399,1.6075171796593988,0.29530846608642786,-1.3327513479094117,-1.0143496444148188,-1.0591765990413855,-0.9372002952874724,30,3.64,-0.8557552403401067,0.6654539661976456,2.648482305337815,-1.3866225711098163,-1.2567517023100923,-1.2466890503939558,0.08,0.04,0.04,62,-0.7796790387117031,-0.7845111610648396,0.034994274352451796,-2.4022946587992258,-0.755152333739134,-4.766564349631128
2,1,1.3279393299329787,0.3262876779351244,1.4696372770238268,0.45420977931888984,0.1403993632083459,0.20831423288126158,0.11142840589583553,30,5.67,0.6042842241369959,0.7271543511923956,2.3785975216108604,-1.2602344435318118,1.0197027965676109,-0.44642084118859093,0.07,0.02,0.01,17,-0.31009062615862476,-0.7925240215693837,0.004395374720297388,-5.795060954032201,-0.4379122111736953,-4.407294853279522
2,0,-1.6338246748965224,0.5931118132295204,0.8824728715551274,0.45420977931888984,-0.4840475830474746,0.2400157164170079,-0.6682035262693382,15,4.84,-0.8480804414673841,-0.6659654582989661,2.652191801663936,-1.236786679552801,0.0924667807388417,0.03297834102727708,0.17,0.01,0.04,122,0.7392071789635798,0.5291561180159613,-0.00453786747212276,-0.08541792114778929,0.9328095082783557,-0.15633362383392818
1,2,-0.11063175812706463,1.2720134592448475,1.4696372770238268,0.45420977931888984,-1.3584866523020236,-0.9324626236019038,-1.3992432216330593,15,5.3,-1.4082246392877402,0.003991858219758274,2.154892181943777,-1.204282769205157,0.06619494139136907,-0.8231360437347235,0.07,0.05,0.02,68,0.03866553351864496,1.3301311447715607,-0.00492676464285776,-0.03606908229046428,1.3604087272232306,0.19252812984927425
3,0,1.3279393299329787,-1.2304495847883932,-0.2918559393822717,-0.439270784295261,-0.0516876743639677,0.04189093736249152,-0.07617258167947277,15,4.88,0.0935284759261163,-1.413071853862631,1.2947432583236764,-1.2734915152135506,0.28258765465342234,-1.0678430129747594,0.14,0.05,0.02,17,-0.9298290588850031,-1.3477719018843397,-0.0849878569195272,-5.880387277792789,-0.9518862573044335,-4.857729281177696
3,2,1.2433175012235644,-1.5572696794980971,-1.4661847503196708,-1.3327513479094117,0.7567787197875667,1.2698783244361362,0.5570377007960456,30,4.95,1.1537659551231438,-0.2946147219906843,1.287248561664779,-1.300579070077562,0.4435297437916382,-0.8497438765543235,0.19,0.03,0.03,20,-1.2169427837687865,-1.47079386539701,-0.02796289230301889,-8.41284724336084,-1.1176071623437542,-4.231573203452539
1,0,-0.646570006620022,1.1922819868639778,-1.4661847503196708,-1.3327513479094117,-1.2817743837928537,-1.1243948012026903,-1.2477276111134392,30,3.61,-1.1211436164897781,-0.6545755861071764,1.5876420600739114,-1.2323582673093834,1.2517913544294146,0.4125981501696454,0.07,0.02,0.03,87,1.839017289638302,4.532231374315121,-0.006181898777330395,4.766366893979216,5.23332679228752,11.714595712346757
6,2,-0.05421720565412176,-0.9486264596401701,-0.2918559393822717,1.3476903429330407,-1.0500878430817195,-1.222754870577874,-0.9327934589432401,30,5.84,-0.731494863950071,-0.28925015511582186,2.512442205377832,-1.1837959462238654,1.0881429897443298,0.3359738099619104,0.16,0.02,0.01,66,1.0849369547228582,2.809637552109368,-0.0053777536868896015,0.8625143334962339,2.5358570046749493,3.0211446139410847
3,0,0.05861189929176399,0.25445041074047936,0.29530846608642786,-1.3327513479094117,-1.4572221019681701,-1.2698018183014692,-1.4210343001255,30,5.9,-1.4431706777797535,-0.5150496517577527,-0.9401904261607994,-1.301486851256619,1.3263921129842393,-0.17855474808758398,0.12,0.03,0.04,62,1.2257888165458626,4.290306785771776,-0.006166550990877536,2.775030662666081,5.159789138878962,9.28808588973619
4,2,1.4407684348788645,-0.030530396482233553,1.4696372770238268,0.45420977931888984,0.28047693490393283,-0.03180917569982654,0.3553881361092085,30,3.15,0.34458088418934063,-0.4817295560364673,-0.03908563494005834,-1.3328424942417327,-0.16820062814858852,-0.3707537938590519,0.17,0.03,0.03,13,-0.035045365574493934,-0.8139191696667256,0.0014197137296063774,-2.5011705272024796,-0.2522035648850179,-2.1810936783949604
5,2,-0.3080826917823647,0.6728432856103902,-0.2918559393822717,0.45420977931888984,0.2575461905759921,-0.37383933740479225,0.42849019458748683,30,4.5,-0.4153874978032167,-1.2621403154537492,0.12912866784852323,-1.3075965002421563,-0.14524745347070994,-0.2669202445364401,0.13,0.02,0.03,75,0.5490422846483133,-0.6957289315932472,-0.0019493856142736641,-3.036363050181465,0.20911177050768398,-3.213186520190828
5,0,0.48172104283883554,0.19445445132517136,0.8824728715551274,0.45420977931888984,-0.3811249123793034,-0.30457544757856286,-0.3798212139584833,30,5.13,-0.5578726487583129,1.0868949691615328,0.26282194360218436,-1.2498039872317979,1.6639278500933545,-0.30844793687219657,0.17,0.04,0.03,47,0.3110569763868097,-0.11180486721252539,-0.0029053419343049187,-2.197585904363633,0.3644479661274406,-2.2254292490400074
